file,rows,cols,key_cols,design_cols,missing_keys,dup_keys,crop_id_col,dup_keys_crop
data/raw/ENA_2024/973-Modulo1893/01_CAP100A_01.csv,39153,30,"ANIO,CCDD,CCPP,CCDI,NSEGM,ID_PROD,UA","ESTRATO,FACTOR_PRODUCTOR,NSEGM",ANIO:0.0000;CCDD:0.0418;CCPP:0.0418;CCDI:0.0418;NSEGM:0.0000;ID_PROD:0.0000;UA:0.0000,0,,
data/raw/ENA_2024/973-Modulo1893/01_CAP100A_02.csv,170,13,"ANIO,NSEGM,ID_PROD,UA","FACTOR_PRODUCTOR,NSEGM",ANIO:0.0000;NSEGM:0.0000;ID_PROD:0.0000;UA:0.0000,59,,
data/raw/ENA_2024/973-Modulo1893/01_CAP100A_03.csv,136171,45,"ANIO,CCDD,CCPP,CCDI,NSEGM,ID_PROD,UA","ESTRATO,FACTOR_PRODUCTOR,NSEGM",ANIO:0.0000;CCDD:0.0277;CCPP:0.0277;CCDI:0.0277;NSEGM:0.0000;ID_PROD:0.0000;UA:0.0000,97043,,
data/raw/ENA_2024/973-Modulo1893/01_CAP100A_04.csv,426505,38,"ANIO,CCDD,CCPP,CCDI,NSEGM,ID_PROD,UA","ESTRATO,FACTOR_PRODUCTOR,NSEGM",ANIO:0.0000;CCDD:0.0502;CCPP:0.0502;CCDI:0.0502;NSEGM:0.0000;ID_PROD:0.0000;UA:0.0000,387395,P115_COD,173293.0
data/raw/ENA_2024/973-Modulo1893/CARATULA.csv,40237,17,"ANIO,CCDD,CCPP,CCDI,NSEGM,ID_PROD,UA","ESTRATO,FACTOR_PRODUCTOR,NSEGM",ANIO:0.0000;CCDD:0.0431;CCPP:0.0431;CCDI:0.0431;NSEGM:0.0000;ID_PROD:0.0000;UA:0.0000,0,,
data/raw/ENA_2024/973-Modulo1893/USOSTIERRA.csv,426505,40,"ANIO,CCDD,CCPP,CCDI,NSEGM,ID_PROD,UA","ESTRATO,FACTOR_SUPERFICIE,NSEGM",ANIO:0.0000;CCDD:0.0000;CCPP:0.0000;CCDI:0.0000;NSEGM:0.0000;ID_PROD:0.0000;UA:0.0000,387395,P115_COD,173293.0
data/raw/ENA_2024/973-Modulo1894/02_CAP100B_01.csv,39153,55,"ANIO,CCDD,CCPP,CCDI,NSEGM,ID_PROD,UA","ESTRATO,FACTOR_PRODUCTOR,NSEGM",ANIO:0.0000;CCDD:0.0418;CCPP:0.0418;CCDI:0.0418;NSEGM:0.0000;ID_PROD:0.0000;UA:0.0000,0,,
data/raw/ENA_2024/973-Modulo1894/02_CAP100B_02.csv,136581,50,"ANIO,CCDD,CCPP,CCDI,NSEGM,ID_PROD,UA","ESTRATO,FACTOR_PRODUCTOR,NSEGM",ANIO:0.0000;CCDD:0.0266;CCPP:0.0266;CCDI:0.0266;NSEGM:0.0000;ID_PROD:0.0000;UA:0.0000,97490,,
data/raw/ENA_2024/973-Modulo1895/03_CAP200A.csv,115517,29,"ANIO,CCDD,CCPP,CCDI,NSEGM,ID_PROD,UA","ESTRATO,FACTOR_PRODUCTOR,NSEGM",ANIO:0.0000;CCDD:0.0333;CCPP:0.0333;CCDI:0.0333;NSEGM:0.0000;ID_PROD:0.0000;UA:0.0000,101046,P204_COD,94070.0
data/raw/ENA_2024/973-Modulo1895/03_CAP200AB.csv,165711,127,"ANIO,CCDD,CCPP,CCDI,NSEGM,ID_PROD,UA","ESTRATO,FACTOR_PRODUCTOR,NSEGM",ANIO:0.0000;CCDD:0.0264;CCPP:0.0264;CCDI:0.0264;NSEGM:0.0000;ID_PROD:0.0000;UA:0.0000,130524,P204_COD,43576.0
data/raw/ENA_2024/973-Modulo1896/04_CAP200B_1.csv,5041,33,"ANIO,CCDD,CCPP,CCDI,NSEGM,ID_PROD,UA","ESTRATO,FACTOR_PRODUCTOR,NSEGM",ANIO:0.0000;CCDD:0.0071;CCPP:0.0071;CCDI:0.0071;NSEGM:0.0000;ID_PROD:0.0000;UA:0.0000,1761,,
data/raw/ENA_2024/973-Modulo1897/05_CAP200C.csv,21959,39,"ANIO,CCDD,CCPP,CCDI,NSEGM,ID_PROD,UA","ESTRATO,FACTOR_PRODUCTOR,NSEGM",ANIO:0.0000;CCDD:0.0052;CCPP:0.0052;CCDI:0.0052;NSEGM:0.0000;ID_PROD:0.0000;UA:0.0000,10800,P229C_COD,0.0
data/raw/ENA_2024/973-Modulo1898/06_CAP200D.csv,9836,39,"ANIO,CCDD,CCPP,CCDI,NSEGM,ID_PROD,UA","ESTRATO,FACTOR_PRODUCTOR,NSEGM",ANIO:0.0000;CCDD:0.0075;CCPP:0.0075;CCDI:0.0075;NSEGM:0.0000;ID_PROD:0.0000;UA:0.0000,1399,P229G_COD,2.0
data/raw/ENA_2024/973-Modulo1899/07_CAP200E.csv,122132,54,"ANIO,CCDD,CCPP,CCDI,NSEGM,ID_PROD,UA","ESTRATO,FACTOR_PRODUCTOR,NSEGM",ANIO:0.0000;CCDD:0.0229;CCPP:0.0229;CCDI:0.0229;NSEGM:0.0000;ID_PROD:0.0000;UA:0.0000,86947,P234_COD,1.0
data/raw/ENA_2024/973-Modulo1900/08_CAP300AB.csv,38733,111,"ANIO,CCDD,CCPP,CCDI,NSEGM,ID_PROD,UA","ESTRATO,FACTOR_PRODUCTOR,NSEGM",ANIO:0.0000;CCDD:0.0341;CCPP:0.0341;CCDI:0.0341;NSEGM:0.0000;ID_PROD:0.0000;UA:0.0000,0,,
data/raw/ENA_2024/973-Modulo1901/09_CAP400A.csv,99919,37,"ANIO,CCDD,CCPP,CCDI,NSEGM,ID_PROD,UA","ESTRATO,FACTOR_PRODUCTOR,NSEGM",ANIO:0.0000;CCDD:0.0240;CCPP:0.0240;CCDI:0.0240;NSEGM:0.0000;ID_PROD:0.0000;UA:0.0000,60805,,
data/raw/ENA_2024/973-Modulo1902/10_CAP400A_1.csv,93441,81,"ANIO,CCDD,CCPP,CCDI,NSEGM,ID_PROD,UA","ESTRATO,FACTOR_PRODUCTOR,NSEGM",ANIO:0.0000;CCDD:0.0253;CCPP:0.0253;CCDI:0.0253;NSEGM:0.0000;ID_PROD:0.0000;UA:0.0000,54322,,
data/raw/ENA_2024/973-Modulo1902/10_CAP400A_2.csv,63694,49,"ANIO,CCDD,CCPP,CCDI,NSEGM,ID_PROD,UA","ESTRATO,FACTOR_PRODUCTOR,NSEGM",ANIO:0.0000;CCDD:0.0201;CCPP:0.0201;CCDI:0.0201;NSEGM:0.0000;ID_PROD:0.0000;UA:0.0000,36085,,
data/raw/ENA_2024/973-Modulo1902/10_CAP400A_3.csv,705,28,"ANIO,NSEGM,ID_PROD,UA","FACTOR_PRODUCTOR,NSEGM",ANIO:0.0000;NSEGM:0.0000;ID_PROD:0.0000;UA:0.0000,136,,
data/raw/ENA_2024/973-Modulo1903/11_CAP400B.csv,32414,46,"ANIO,CCDD,CCPP,CCDI,NSEGM,ID_PROD,UA","ESTRATO,FACTOR_PRODUCTOR,NSEGM",ANIO:0.0000;CCDD:0.0235;CCPP:0.0235;CCDI:0.0235;NSEGM:0.0000;ID_PROD:0.0000;UA:0.0000,6701,,
data/raw/ENA_2024/973-Modulo1904/12_CAP400C.csv,7179,37,"ANIO,CCDD,CCPP,CCDI,NSEGM,ID_PROD,UA","ESTRATO,FACTOR_PRODUCTOR,NSEGM",ANIO:0.0000;CCDD:0.0203;CCPP:0.0203;CCDI:0.0203;NSEGM:0.0000;ID_PROD:0.0000;UA:0.0000,527,P419_COD,5.0
data/raw/ENA_2024/973-Modulo1905/13_CAP500AB.csv,27625,111,"ANIO,CCDD,CCPP,CCDI,NSEGM,ID_PROD,UA","ESTRATO,FACTOR_PRODUCTOR,NSEGM",ANIO:0.0000;CCDD:0.0283;CCPP:0.0283;CCDI:0.0283;NSEGM:0.0000;ID_PROD:0.0000;UA:0.0000,0,,
data/raw/ENA_2024/973-Modulo1906/14_CAP600.csv,39112,61,"ANIO,CCDD,CCPP,CCDI,NSEGM,ID_PROD,UA","ESTRATO,FACTOR_PRODUCTOR,NSEGM",ANIO:0.0000;CCDD:0.0409;CCPP:0.0409;CCDI:0.0409;NSEGM:0.0000;ID_PROD:0.0000;UA:0.0000,0,,
data/raw/ENA_2024/973-Modulo1907/15_CAP700.csv,39112,393,"ANIO,CCDD,CCPP,CCDI,NSEGM,ID_PROD,UA","ESTRATO,FACTOR_PRODUCTOR,NSEGM",ANIO:0.0000;CCDD:0.0409;CCPP:0.0409;CCDI:0.0409;NSEGM:0.0000;ID_PROD:0.0000;UA:0.0000,0,,
data/raw/ENA_2024/973-Modulo1908/16_CAP800.csv,39112,102,"ANIO,CCDD,CCPP,CCDI,NSEGM,ID_PROD,UA","ESTRATO,FACTOR_PRODUCTOR,NSEGM",ANIO:0.0000;CCDD:0.0409;CCPP:0.0409;CCDI:0.0409;NSEGM:0.0000;ID_PROD:0.0000;UA:0.0000,0,,
data/raw/ENA_2024/973-Modulo1909/17_CAP900.csv,39112,54,"ANIO,CCDD,CCPP,CCDI,NSEGM,ID_PROD,UA","ESTRATO,FACTOR_PRODUCTOR,NSEGM",ANIO:0.0000;CCDD:0.0409;CCPP:0.0409;CCDI:0.0409;NSEGM:0.0000;ID_PROD:0.0000;UA:0.0000,0,,
data/raw/ENA_2024/973-Modulo1910/18_CAP1000.csv,39112,69,"ANIO,CCDD,CCPP,CCDI,NSEGM,ID_PROD,UA","ESTRATO,FACTOR_PRODUCTOR,NSEGM",ANIO:0.0000;CCDD:0.0409;CCPP:0.0409;CCDI:0.0409;NSEGM:0.0000;ID_PROD:0.0000;UA:0.0000,0,,
data/raw/ENA_2024/973-Modulo1911/19_CAP1100.csv,101707,36,"ANIO,CCDD,CCPP,CCDI,NSEGM,ID_PROD,UA","ESTRATO,FACTOR_PRODUCTOR,NSEGM",ANIO:0.0000;CCDD:0.0000;CCPP:0.0000;CCDI:0.0000;NSEGM:0.0000;ID_PROD:0.0000;UA:0.0000,64193,,
data/raw/ENA_2024/973-Modulo1912/20_CAP1200A_IS.csv,75993,31,"ANIO,CCDD,CCPP,CCDI,NSEGM,ID_PROD,UA","ESTRATO,FACTOR_PRODUCTOR,NSEGM",ANIO:0.0000;CCDD:0.0129;CCPP:0.0129;CCDI:0.0129;NSEGM:0.0000;ID_PROD:0.0000;UA:0.0000,48734,P1202_COD,17909.0
data/raw/ENA_2024/973-Modulo1913/21_CAP1200B_ME.csv,49289,25,"ANIO,CCDD,CCPP,CCDI,NSEGM,ID_PROD,UA","ESTRATO,FACTOR_PRODUCTOR,NSEGM",ANIO:0.0000;CCDD:0.1098;CCPP:0.1098;CCDI:0.1098;NSEGM:0.0000;ID_PROD:0.0000;UA:0.0000,23089,P1207_COD,9.0
