nombre_archivo,ruta,tipo,anio,modulo
ENA_2024.zip,data/ENA_2024.zip,zip,2024,
README.md,data/README.md,md,,
01_CAP100A_01.csv,data/raw/ENA_2024/973-Modulo1893/01_CAP100A_01.csv,csv,2024,1893
01_CAP100A_02.csv,data/raw/ENA_2024/973-Modulo1893/01_CAP100A_02.csv,csv,2024,1893
01_CAP100A_03.csv,data/raw/ENA_2024/973-Modulo1893/01_CAP100A_03.csv,csv,2024,1893
01_CAP100A_04.csv,data/raw/ENA_2024/973-Modulo1893/01_CAP100A_04.csv,csv,2024,1893
01_CUESTIONARIO_EMPRESA_2024.pdf,data/raw/ENA_2024/973-Modulo1893/01_CUESTIONARIO_EMPRESA_2024.pdf,pdf,2024,1893
01_CUESTIONARIO_ENA_2024.pdf,data/raw/ENA_2024/973-Modulo1893/01_CUESTIONARIO_ENA_2024.pdf,pdf,2024,1893
CARATULA.csv,data/raw/ENA_2024/973-Modulo1893/CARATULA.csv,csv,2024,1893
USOSTIERRA.csv,data/raw/ENA_2024/973-Modulo1893/USOSTIERRA.csv,csv,2024,1893
01_CUESTIONARIO_EMPRESA_2024.pdf,data/raw/ENA_2024/973-Modulo1894/01_CUESTIONARIO_EMPRESA_2024.pdf,pdf,2024,1894
01_CUESTIONARIO_ENA_2024.pdf,data/raw/ENA_2024/973-Modulo1894/01_CUESTIONARIO_ENA_2024.pdf,pdf,2024,1894
02_CAP100B_01.csv,data/raw/ENA_2024/973-Modulo1894/02_CAP100B_01.csv,csv,2024,1894
02_CAP100B_02.csv,data/raw/ENA_2024/973-Modulo1894/02_CAP100B_02.csv,csv,2024,1894
01_CUESTIONARIO_EMPRESA_2024.pdf,data/raw/ENA_2024/973-Modulo1895/01_CUESTIONARIO_EMPRESA_2024.pdf,pdf,2024,1895
01_CUESTIONARIO_ENA_2024.pdf,data/raw/ENA_2024/973-Modulo1895/01_CUESTIONARIO_ENA_2024.pdf,pdf,2024,1895
03_CAP200A.csv,data/raw/ENA_2024/973-Modulo1895/03_CAP200A.csv,csv,2024,1895
03_CAP200AB.csv,data/raw/ENA_2024/973-Modulo1895/03_CAP200AB.csv,csv,2024,1895
01_CUESTIONARIO_EMPRESA_2024.pdf,data/raw/ENA_2024/973-Modulo1896/01_CUESTIONARIO_EMPRESA_2024.pdf,pdf,2024,1896
01_CUESTIONARIO_ENA_2024.pdf,data/raw/ENA_2024/973-Modulo1896/01_CUESTIONARIO_ENA_2024.pdf,pdf,2024,1896
04_CAP200B_1.csv,data/raw/ENA_2024/973-Modulo1896/04_CAP200B_1.csv,csv,2024,1896
01_CUESTIONARIO_EMPRESA_2024.pdf,data/raw/ENA_2024/973-Modulo1897/01_CUESTIONARIO_EMPRESA_2024.pdf,pdf,2024,1897
01_CUESTIONARIO_ENA_2024.pdf,data/raw/ENA_2024/973-Modulo1897/01_CUESTIONARIO_ENA_2024.pdf,pdf,2024,1897
05_CAP200C.csv,data/raw/ENA_2024/973-Modulo1897/05_CAP200C.csv,csv,2024,1897
01_CUESTIONARIO_EMPRESA_2024.pdf,data/raw/ENA_2024/973-Modulo1898/01_CUESTIONARIO_EMPRESA_2024.pdf,pdf,2024,1898
01_CUESTIONARIO_ENA_2024.pdf,data/raw/ENA_2024/973-Modulo1898/01_CUESTIONARIO_ENA_2024.pdf,pdf,2024,1898
06_CAP200D.csv,data/raw/ENA_2024/973-Modulo1898/06_CAP200D.csv,csv,2024,1898
01_CUESTIONARIO_EMPRESA_2024.pdf,data/raw/ENA_2024/973-Modulo1899/01_CUESTIONARIO_EMPRESA_2024.pdf,pdf,2024,1899
01_CUESTIONARIO_ENA_2024.pdf,data/raw/ENA_2024/973-Modulo1899/01_CUESTIONARIO_ENA_2024.pdf,pdf,2024,1899
07_CAP200E.csv,data/raw/ENA_2024/973-Modulo1899/07_CAP200E.csv,csv,2024,1899
01_CUESTIONARIO_EMPRESA_2024.pdf,data/raw/ENA_2024/973-Modulo1900/01_CUESTIONARIO_EMPRESA_2024.pdf,pdf,2024,1900
01_CUESTIONARIO_ENA_2024.pdf,data/raw/ENA_2024/973-Modulo1900/01_CUESTIONARIO_ENA_2024.pdf,pdf,2024,1900
08_CAP300AB.csv,data/raw/ENA_2024/973-Modulo1900/08_CAP300AB.csv,csv,2024,1900
01_CUESTIONARIO_EMPRESA_2024.pdf,data/raw/ENA_2024/973-Modulo1901/01_CUESTIONARIO_EMPRESA_2024.pdf,pdf,2024,1901
01_CUESTIONARIO_ENA_2024.pdf,data/raw/ENA_2024/973-Modulo1901/01_CUESTIONARIO_ENA_2024.pdf,pdf,2024,1901
09_CAP400A.csv,data/raw/ENA_2024/973-Modulo1901/09_CAP400A.csv,csv,2024,1901
01_CUESTIONARIO_EMPRESA_2024.pdf,data/raw/ENA_2024/973-Modulo1902/01_CUESTIONARIO_EMPRESA_2024.pdf,pdf,2024,1902
01_CUESTIONARIO_ENA_2024.pdf,data/raw/ENA_2024/973-Modulo1902/01_CUESTIONARIO_ENA_2024.pdf,pdf,2024,1902
10_CAP400A_1.csv,data/raw/ENA_2024/973-Modulo1902/10_CAP400A_1.csv,csv,2024,1902
10_CAP400A_2.csv,data/raw/ENA_2024/973-Modulo1902/10_CAP400A_2.csv,csv,2024,1902
10_CAP400A_3.csv,data/raw/ENA_2024/973-Modulo1902/10_CAP400A_3.csv,csv,2024,1902
01_CUESTIONARIO_EMPRESA_2024.pdf,data/raw/ENA_2024/973-Modulo1903/01_CUESTIONARIO_EMPRESA_2024.pdf,pdf,2024,1903
01_CUESTIONARIO_ENA_2024.pdf,data/raw/ENA_2024/973-Modulo1903/01_CUESTIONARIO_ENA_2024.pdf,pdf,2024,1903
11_CAP400B.csv,data/raw/ENA_2024/973-Modulo1903/11_CAP400B.csv,csv,2024,1903
01_CUESTIONARIO_EMPRESA_2024.pdf,data/raw/ENA_2024/973-Modulo1904/01_CUESTIONARIO_EMPRESA_2024.pdf,pdf,2024,1904
01_CUESTIONARIO_ENA_2024.pdf,data/raw/ENA_2024/973-Modulo1904/01_CUESTIONARIO_ENA_2024.pdf,pdf,2024,1904
12_CAP400C.csv,data/raw/ENA_2024/973-Modulo1904/12_CAP400C.csv,csv,2024,1904
01_CUESTIONARIO_EMPRESA_2024.pdf,data/raw/ENA_2024/973-Modulo1905/01_CUESTIONARIO_EMPRESA_2024.pdf,pdf,2024,1905
01_CUESTIONARIO_ENA_2024.pdf,data/raw/ENA_2024/973-Modulo1905/01_CUESTIONARIO_ENA_2024.pdf,pdf,2024,1905
13_CAP500AB.csv,data/raw/ENA_2024/973-Modulo1905/13_CAP500AB.csv,csv,2024,1905
01_CUESTIONARIO_EMPRESA_2024.pdf,data/raw/ENA_2024/973-Modulo1906/01_CUESTIONARIO_EMPRESA_2024.pdf,pdf,2024,1906
01_CUESTIONARIO_ENA_2024.pdf,data/raw/ENA_2024/973-Modulo1906/01_CUESTIONARIO_ENA_2024.pdf,pdf,2024,1906
14_CAP600.csv,data/raw/ENA_2024/973-Modulo1906/14_CAP600.csv,csv,2024,1906
01_CUESTIONARIO_EMPRESA_2024.pdf,data/raw/ENA_2024/973-Modulo1907/01_CUESTIONARIO_EMPRESA_2024.pdf,pdf,2024,1907
01_CUESTIONARIO_ENA_2024.pdf,data/raw/ENA_2024/973-Modulo1907/01_CUESTIONARIO_ENA_2024.pdf,pdf,2024,1907
15_CAP700.csv,data/raw/ENA_2024/973-Modulo1907/15_CAP700.csv,csv,2024,1907
01_CUESTIONARIO_EMPRESA_2024.pdf,data/raw/ENA_2024/973-Modulo1908/01_CUESTIONARIO_EMPRESA_2024.pdf,pdf,2024,1908
01_CUESTIONARIO_ENA_2024.pdf,data/raw/ENA_2024/973-Modulo1908/01_CUESTIONARIO_ENA_2024.pdf,pdf,2024,1908
16_CAP800.csv,data/raw/ENA_2024/973-Modulo1908/16_CAP800.csv,csv,2024,1908
01_CUESTIONARIO_EMPRESA_2024.pdf,data/raw/ENA_2024/973-Modulo1909/01_CUESTIONARIO_EMPRESA_2024.pdf,pdf,2024,1909
01_CUESTIONARIO_ENA_2024.pdf,data/raw/ENA_2024/973-Modulo1909/01_CUESTIONARIO_ENA_2024.pdf,pdf,2024,1909
17_CAP900.csv,data/raw/ENA_2024/973-Modulo1909/17_CAP900.csv,csv,2024,1909
01_CUESTIONARIO_EMPRESA_2024.pdf,data/raw/ENA_2024/973-Modulo1910/01_CUESTIONARIO_EMPRESA_2024.pdf,pdf,2024,1910
01_CUESTIONARIO_ENA_2024.pdf,data/raw/ENA_2024/973-Modulo1910/01_CUESTIONARIO_ENA_2024.pdf,pdf,2024,1910
18_CAP1000.csv,data/raw/ENA_2024/973-Modulo1910/18_CAP1000.csv,csv,2024,1910
01_CUESTIONARIO_EMPRESA_2024.pdf,data/raw/ENA_2024/973-Modulo1911/01_CUESTIONARIO_EMPRESA_2024.pdf,pdf,2024,1911
01_CUESTIONARIO_ENA_2024.pdf,data/raw/ENA_2024/973-Modulo1911/01_CUESTIONARIO_ENA_2024.pdf,pdf,2024,1911
19_CAP1100.csv,data/raw/ENA_2024/973-Modulo1911/19_CAP1100.csv,csv,2024,1911
01_CUESTIONARIO_EMPRESA_2024.pdf,data/raw/ENA_2024/973-Modulo1912/01_CUESTIONARIO_EMPRESA_2024.pdf,pdf,2024,1912
01_CUESTIONARIO_ENA_2024.pdf,data/raw/ENA_2024/973-Modulo1912/01_CUESTIONARIO_ENA_2024.pdf,pdf,2024,1912
20_CAP1200A_IS.csv,data/raw/ENA_2024/973-Modulo1912/20_CAP1200A_IS.csv,csv,2024,1912
01_CUESTIONARIO_EMPRESA_2024.pdf,data/raw/ENA_2024/973-Modulo1913/01_CUESTIONARIO_EMPRESA_2024.pdf,pdf,2024,1913
01_CUESTIONARIO_ENA_2024.pdf,data/raw/ENA_2024/973-Modulo1913/01_CUESTIONARIO_ENA_2024.pdf,pdf,2024,1913
21_CAP1200B_ME.csv,data/raw/ENA_2024/973-Modulo1913/21_CAP1200B_ME.csv,csv,2024,1913
