ANIO,NSEGM,ID_PROD,UA,RESFIN,REGION,FACTOR_PRODUCTOR,CODIGO,P101A,P102C_N,P102C_DEP_COD,P102C_DEP,P102C_CANT
2024,93028,1,01,1,1,1,2,2,1,20,PIURA,2
2024,93043,1,01,1,1,1,2,2,1,10,HUANUCO,1
2024,93043,1,01,1,1,1,2,2,2,14,LAMBAYEQUE,1
2024,95017,1,01,1,2,1,2,1,1,22,SAN MARTIN,1
2024,95040,1,01,2,1,1,2,7,1,13,LA LIBERTAD,19
2024,95040,1,01,2,1,1,2,7,3,14,LAMBAYEQUE,5
2024,95040,1,01,2,1,1,2,7,2,20,PIURA,11
2024,95041,1,01,1,1,1,2,2,1,14,LAMBAYEQUE,1
2024,95043,1,01,1,1,1,2,7,1,11,ICA,3
2024,95043,1,01,1,1,1,2,7,2,14,LAMBAYEQUE,1
2024,95044,1,01,1,1,1,2,2,1,20,PIURA,8
2024,95051,1,01,1,1,1,2,2,1,15,LIMA,1
2024,95058,1,01,1,1,1,2,2,2,11,ICA,1
2024,95058,1,01,1,1,1,2,2,1,06,CAJAMARCA,1
2024,95067,1,01,1,1,1,2,7,1,11,ICA,8
2024,95081,1,01,1,1,1,2,7,1,13,LA LIBERTAD,1
2024,95083,1,01,1,1,1,2,2,1,20,PIURA,7
2024,95086,1,01,1,1,1,2,2,2,04,AREQUIPA,1
2024,95086,1,01,1,1,1,2,2,1,01,AMAZONAS,1
2024,95086,1,01,1,1,1,2,2,5,14,LAMBAYEQUE,2
2024,95086,1,01,1,1,1,2,2,4,13,LA LIBERTAD,10
2024,95086,1,01,1,1,1,2,2,3,11,ICA,1
2024,95087,1,01,1,1,1,2,7,1,13,LA LIBERTAD,3
2024,95120,1,01,1,1,1,2,2,1,13,LA LIBERTAD,1
2024,95127,1,01,1,1,1,2,2,1,23,TACNA,1
2024,95154,1,01,1,2,1,2,8,11,24,TUMBES,1
2024,95154,1,01,1,2,1,2,8,3,01,AMAZONAS,1
2024,95154,1,01,1,2,1,2,8,4,08,CUSCO,2
2024,95154,1,01,1,2,1,2,8,7,03,APURIMAC,1
2024,95154,1,01,1,2,1,2,8,1,15,LIMA,2
2024,95154,1,01,1,2,1,2,8,2,23,TACNA,1
2024,95154,1,01,1,2,1,2,8,15,13,LA LIBERTAD,1
2024,95154,1,01,1,2,1,2,8,10,21,PUNO,1
2024,95154,1,01,1,2,1,2,8,13,25,UCAYALI,1
2024,95154,1,01,1,2,1,2,8,6,06,CAJAMARCA,1
2024,95154,1,01,1,2,1,2,8,9,22,SAN MARTIN,1
2024,95154,1,01,1,2,1,2,8,14,12,JUNIN,2
2024,95154,1,01,1,2,1,2,8,5,04,AREQUIPA,1
2024,95154,1,01,1,2,1,2,8,8,20,PIURA,1
2024,95154,1,01,1,2,1,2,8,16,16,LORETO,2
2024,95154,1,01,1,2,1,2,8,12,18,MOQUEGUA,1
2024,95161,1,01,1,2,1,2,2,1,11,ICA,5
2024,95161,1,01,1,2,1,2,2,2,15,LIMA,1
2024,95180,1,01,1,2,1,2,2,1,14,LAMBAYEQUE,2
2024,95210,1,01,1,2,1,2,2,1,11,ICA,1
2024,95211,1,01,1,2,1,2,2,1,15,LIMA,1
2024,95262,1,01,1,3,1,2,1,1,03,APURIMAC,1
2024,95324,1,01,1,2,1,2,5,1,11,ICA,1
2024,95360,1,01,1,1,1,2,7,1,20,PIURA,1
2024,95360,1,01,1,1,1,2,7,2,13,LA LIBERTAD,1
2024,95389,1,01,1,1,1,2,2,1,02,ANCASH,1
2024,95419,1,01,1,1,1,2,2,1,04,AREQUIPA,1
2024,95422,1,01,1,1,1,2,3,1,02,ANCASH,1
2024,95446,1,01,1,1,1,2,2,1,13,LA LIBERTAD,1
2024,95566,1,01,2,1,1,2,2,1,05,AYACUCHO,1
2024,95566,1,01,2,1,1,2,2,2,15,LIMA,1
2024,95574,1,01,1,1,1,2,2,1,02,ANCASH,1
2024,95576,1,01,1,1,1,2,7,1,15,LIMA,1
2024,95576,1,01,1,1,1,2,7,2,02,ANCASH,1
2024,95600,1,01,2,1,1,2,2,1,14,LAMBAYEQUE,8
2024,95640,1,01,1,1,1,2,7,1,02,ANCASH,1
2024,95704,1,01,1,1,1,2,7,1,11,ICA,16
2024,95704,1,01,1,1,1,2,7,2,20,PIURA,1
2024,95706,1,01,1,1,1,2,2,1,02,ANCASH,1
2024,95710,1,01,1,1,1,2,7,1,15,LIMA,1
2024,95711,1,01,1,1,1,2,7,2,15,LIMA,1
2024,95711,1,01,1,1,1,2,7,1,11,ICA,1
2024,95728,1,01,1,1,1,2,2,1,02,ANCASH,2
2024,95734,1,01,1,1,1,2,3,1,14,LAMBAYEQUE,4
2024,95759,1,01,1,1,1,2,2,1,13,LA LIBERTAD,1
2024,95761,1,01,1,1,1,2,2,1,11,ICA,1
2024,95775,1,01,1,1,1,2,2,1,02,ANCASH,1
2024,95776,1,01,1,1,1,2,5,1,13,LA LIBERTAD,4
2024,95777,1,01,1,1,1,2,3,1,13,LA LIBERTAD,1
2024,95778,1,01,1,1,1,2,5,1,13,LA LIBERTAD,6
2024,95781,1,01,1,1,1,2,7,1,13,LA LIBERTAD,3
2024,95787,1,01,1,1,1,2,1,1,06,CAJAMARCA,1
2024,95789,1,01,1,1,1,2,3,1,13,LA LIBERTAD,1
2024,95812,1,01,1,1,1,2,7,1,11,ICA,19
2024,95816,1,01,1,1,1,2,2,1,15,LIMA,1
2024,95828,1,01,1,1,1,2,2,1,11,ICA,3
2024,95830,1,01,1,1,1,2,2,1,15,LIMA,1
2024,95836,1,01,1,1,1,2,2,1,13,LA LIBERTAD,1
2024,95845,1,01,1,1,1,2,2,1,02,ANCASH,1
2024,95855,1,01,1,1,1,2,2,1,04,AREQUIPA,1
2024,95858,1,01,1,1,1,2,7,1,13,LA LIBERTAD,1
2024,95860,1,01,1,1,1,2,2,1,20,PIURA,1
2024,95862,1,01,1,1,1,2,3,1,20,PIURA,2
2024,95928,1,01,1,1,1,2,1,1,14,LAMBAYEQUE,1
2024,95952,1,01,1,1,1,2,1,1,05,AYACUCHO,1
2024,95967,1,01,1,1,1,2,1,1,25,UCAYALI,1
2024,95971,1,01,1,1,1,2,1,1,10,HUANUCO,1
2024,95972,1,01,1,1,1,2,1,1,12,JUNIN,3
2024,95993,1,01,1,1,1,2,5,1,20,PIURA,1
2024,95994,1,01,1,1,1,2,1,1,02,ANCASH,1
2024,95998,1,01,1,1,1,2,1,2,10,HUANUCO,4
2024,95998,1,01,1,1,1,2,1,1,19,PASCO,8
2024,96032,1,01,2,1,1,2,2,2,12,JUNIN,1
2024,96032,1,01,2,1,1,2,2,1,14,LAMBAYEQUE,1
2024,96038,1,01,1,1,1,2,5,1,02,ANCASH,1
2024,96041,1,01,1,1,1,2,1,1,02,ANCASH,1
2024,96052,1,01,1,1,1,2,5,1,25,UCAYALI,1
2024,96056,1,01,1,1,1,2,7,1,11,ICA,3
2024,96093,1,01,2,1,1,2,2,1,11,ICA,2
2024,96104,1,01,1,1,1,2,2,1,14,LAMBAYEQUE,1
2024,96117,1,01,1,1,1,2,2,1,06,CAJAMARCA,1
2024,96138,1,01,1,1,1,2,7,1,20,PIURA,1
2024,96235,1,01,1,1,1,2,2,1,20,PIURA,1
2024,96236,1,01,1,1,1,2,7,1,11,ICA,1
2024,96241,1,01,1,1,1,2,2,1,11,ICA,2
2024,96262,1,01,1,1,1,2,2,2,05,AYACUCHO,1
2024,96262,1,01,1,1,1,2,2,1,11,ICA,1
2024,96267,1,01,1,1,1,2,7,1,11,ICA,1
2024,96293,1,01,2,3,1,2,2,1,22,SAN MARTIN,1
2024,96318,1,01,1,3,1,2,2,1,08,CUSCO,2
2024,96323,1,01,1,1,1,2,1,1,04,AREQUIPA,1
2024,96342,1,01,1,1,1,2,7,2,13,LA LIBERTAD,2
2024,96342,1,01,1,1,1,2,7,1,11,ICA,15
2024,96352,1,01,1,1,1,2,7,1,11,ICA,1
2024,96352,1,01,1,1,1,2,7,2,13,LA LIBERTAD,4
2024,96354,1,01,1,1,1,2,7,1,11,ICA,2
2024,96354,1,01,1,1,1,2,7,2,04,AREQUIPA,1
2024,96363,1,01,1,1,1,2,2,1,14,LAMBAYEQUE,2
2024,96377,1,01,1,1,1,2,7,1,11,ICA,18
2024,96377,1,01,1,1,1,2,7,2,14,LAMBAYEQUE,7
2024,96390,1,01,1,1,1,2,2,1,11,ICA,1
2024,96403,1,01,1,1,1,2,2,1,04,AREQUIPA,2
2024,96405,1,01,1,1,1,2,2,1,15,LIMA,1
2024,96407,1,01,1,1,1,2,2,1,02,ANCASH,1
2024,96408,1,01,1,1,1,2,2,1,15,LIMA,1
2024,96412,1,01,1,1,1,2,8,17,19,PASCO,2
2024,96412,1,01,1,1,1,2,8,8,10,HUANUCO,2
2024,96412,1,01,1,1,1,2,8,9,11,ICA,1
2024,96412,1,01,1,1,1,2,8,10,12,JUNIN,2
2024,96412,1,01,1,1,1,2,8,1,01,AMAZONAS,2
2024,96412,1,01,1,1,1,2,8,16,18,MOQUEGUA,2
2024,96412,1,01,1,1,1,2,8,15,17,MADRE DE DIOS,1
2024,96412,1,01,1,1,1,2,8,13,15,LIMA,4
2024,96412,1,01,1,1,1,2,8,2,02,ANCASH,2
2024,96412,1,01,1,1,1,2,8,6,08,CUSCO,2
2024,96412,1,01,1,1,1,2,8,5,06,CAJAMARCA,2
2024,96412,1,01,1,1,1,2,8,19,22,SAN MARTIN,2
2024,96412,1,01,1,1,1,2,8,21,24,TUMBES,1
2024,96412,1,01,1,1,1,2,8,20,23,TACNA,2
2024,96412,1,01,1,1,1,2,8,18,21,PUNO,1
2024,96412,1,01,1,1,1,2,8,12,14,LAMBAYEQUE,3
2024,96412,1,01,1,1,1,2,8,22,25,UCAYALI,2
2024,96412,1,01,1,1,1,2,8,4,04,AREQUIPA,1
2024,96412,1,01,1,1,1,2,8,7,09,HUANCAVELICA,1
2024,96412,1,01,1,1,1,2,8,11,13,LA LIBERTAD,2
2024,96412,1,01,1,1,1,2,8,3,03,APURIMAC,1
2024,96412,1,01,1,1,1,2,8,14,16,LORETO,2
2024,96428,1,01,1,1,1,2,7,1,14,LAMBAYEQUE,2
2024,96433,1,01,1,1,1,2,7,1,11,ICA,1
2024,96439,1,01,1,1,1,2,7,1,15,LIMA,1
2024,96448,1,01,2,1,1,2,2,1,15,LIMA,3
2024,96459,1,01,1,1,1,2,2,1,15,LIMA,2
2024,96470,1,01,1,1,1,2,7,1,13,LA LIBERTAD,8
2024,96470,1,01,1,1,1,2,7,2,04,AREQUIPA,1
2024,96504,1,01,1,3,1,2,2,1,25,UCAYALI,1
2024,96545,1,01,1,3,1,2,1,1,06,CAJAMARCA,1
2024,96562,1,01,1,3,1,2,2,1,25,UCAYALI,1
2024,97002,1,01,1,1,1,2,2,1,13,LA LIBERTAD,2
2024,97006,1,01,1,1,1,2,2,1,20,PIURA,1
2024,97026,1,01,1,1,1,2,2,1,11,ICA,2
2024,97029,1,01,1,1,1,2,2,1,02,ANCASH,1
2024,97035,1,01,1,1,1,2,2,1,14,LAMBAYEQUE,1
2024,97043,1,01,1,1,1,2,7,1,13,LA LIBERTAD,1
2024,97053,1,01,1,1,1,2,2,1,11,ICA,1
2024,97062,1,01,1,1,1,2,2,1,13,LA LIBERTAD,1
